{
  "id": "fc6248a5-391d-85d5-3afd-2863434f4ee9",
  "name": "APIGoogleUrl",
  "values": [
    {
      "enabled": true,
      "key": "server",
      "value": "localhost",
      "type": "text"
    },
    {
      "enabled": true,
      "key": "version",
      "value": "v1",
      "type": "text"
    },
    {
      "enabled": true,
      "key": "env",
      "value": "local",
      "type": "text"
    },
    {
      "enabled": true,
      "key": "port",
      "value": "8094",
      "type": "text"
    },
    {
      "enabled": true,
      "key": "latitude",
      "value": "51.526972",
      "type": "text"
    },
    {
      "enabled": true,
      "key": "longitude",
      "value": "-0.139435",
      "type": "text"
    },
    {
      "enabled": true,
      "key": "zoom",
      "value": "16",
      "type": "text"
    },
    {
      "enabled": true,
      "key": "size",
      "value": "600x300",
      "type": "text"
    },
    {
      "enabled": true,
      "key": "maptype",
      "value": "roadmap",
      "type": "text"
    },
    {
      "enabled": true,
      "key": "provider",
      "value": "Google",
      "type": "text"
    },
    {
      "enabled": true,
      "key": "port2",
      "value": "8099",
      "type": "text"
    },
    {
      "enabled": true,
      "key": "request_id",
      "value": "ea9f93b9-d1ba-4d6c-8eed-6d2c68c274a1",
      "type": "text"
    },
    {
      "enabled": true,
      "key": "service",
      "value": "standard_car",
      "type": "text"
    },
    {
      "enabled": true,
      "key": "quote_id",
      "value": "136665e5-e47a-4993-ae64-fb4ad54a31be",
      "type": "text"
    }
  ],
  "timestamp": 1498141005827,
  "_postman_variable_scope": "environment",
  "_postman_exported_at": "2017-06-23T15:07:56.288Z",
  "_postman_exported_using": "Postman/5.0.1"
}